Workbook

Sheet Bilan Équipe
A1: Bilan des heures pour le projet IMP 2
A2: Nb membre équipe | B2: 5
A3: Nb semaine total | B3: 15
A4: Semaines faites | B4: 0
A5: Semaine restantes | B5: =B3-B4 -> 15
A6: Objectif Total (h) | B6: =B3*9*B2 -> 675
B8: Cumulatif | C8: Restante | D8: Moy/sem actuel (h/sem) | E8: Moy/sem requis (h/sem) | F8: Commentaires
A9: Etudiant 1 | B9: ='Etudiant 1'!B4 -> 0 | C9: =($B$6)/$B$2-B9 -> 135 | D9: =B9/$B$4 -> #DIV/0! | E9: =C9/$B$5 -> 9
A10: Etudiant 2 | B10: ='Etudiant 2'!B4 -> 0 | C10: =($B$6)/$B$2-B10 -> 135 | D10: =B10/$B$4 -> #DIV/0! | E10: =C10/$B$5 -> 9
A11: Etudiant 3 | B11: ='Etudiant 3'!B4 -> 0 | C11: =($B$6)/$B$2-B11 -> 135 | D11: =B11/$B$4 -> #DIV/0! | E11: =C11/$B$5 -> 9
A12: Etudiant 4 | B12: ='Etudiant 4'!B4 -> 0 | C12: =($B$6)/$B$2-B12 -> 135 | D12: =B12/$B$4 -> #DIV/0! | E12: =C12/$B$5 -> 9
A13: Etudiant 5 | B13: ='Etudiant 5'!B4 -> 0 | C13: =($B$6)/$B$2-B13 -> 135 | D13: =B13/$B$4 -> #DIV/0! | E13: =C13/$B$5 -> 9
B14: Total | C14: =SUM(C9:C13) -> 675 | E14: =C14/$B$5 -> 45

Sheet FT Global
A1: Feuille de temps globale
B3: Qualité 7 | C3: Qualité 2 | D3: Qualité 3 | E3: Qualité 4 | F3: Qualité 7 | G3: Qualité 11 | H3: Qualité 12
B4: Réunion/Équipe | C4: Analyse | D4: Investigation | E4: Conception | F4: Communication/Rédaction | G4: Économie/Gestion | H4: Formation continue | I4: Total
A5: Équipe | B5: ='Etudiant 1'!D4+'Etudiant 2'!D4+'Etudiant 3'!D4+'Etudiant 4'!D4+'Etudiant 5'!D4 -> 0 | C5: ='Etudiant 1'!E4+'Etudiant 2'!E4+'Etudiant 3'!E4+'Etudiant 4'!E4+'Etudiant 5'!E4 -> 0 | D5: ='Etudiant 1'!F4+'Etudiant 2'!F4+'Etudiant 3'!F4+'Etudiant 4'!F4+'Etudiant 5'!F4 -> 0 | E5: ='Etudiant 1'!G4+'Etudiant 2'!G4+'Etudiant 3'!G4+'Etudiant 4'!G4+'Etudiant 5'!G4 -> 0 | F5: ='Etudiant 1'!H4+'Etudiant 2'!H4+'Etudiant 3'!H4+'Etudiant 4'!H4+'Etudiant 5'!H4 -> 0 | G5: ='Etudiant 1'!I4+'Etudiant 2'!I4+'Etudiant 3'!I4+'Etudiant 4'!I4+'Etudiant 5'!I4 -> 0 | H5: ='Etudiant 1'!J4+'Etudiant 2'!J4+'Etudiant 3'!J4+'Etudiant 4'!J4+'Etudiant 5'!J4 -> 0 | I5: =SUM(B5:H5) -> 0
A6: Évaluation/Cible en % | B6: 0.12 | C6: 0.2 | D6: 0.15 | E6: 0.25 | F6: 0.13 | G6: 0.1 | H6: 0.05 | I6: =SUM(B6:H6) -> 1
A7: Temps cible en heures | B7: =B6*'Bilan Équipe'!B6 -> 81 | C7: =C6*'Bilan Équipe'!B6 -> 135 | D7: =D6*'Bilan Équipe'!B6 -> 101.25 | E7: =E6*'Bilan Équipe'!B6 -> 168.75 | F7: =F6*'Bilan Équipe'!B6 -> 87.75 | G7: =G6*'Bilan Équipe'!B6 -> 67.5 | H7: =H6*'Bilan Équipe'!B6 -> 33.75 | I7: =I6*'Bilan Équipe'!B6 -> 675 | J7: heures/étudiant

Sheet Etudiant 1
A1: Feuille de Temps
A2: ÉTUDIANT(E) 1
A3: Date | B3: Total Heure | C3: Description | D3: ='FT Global'!B4 -> Réunion/Équipe | E3: ='FT Global'!C4 -> Analyse | F3: ='FT Global'!D4 -> Investigation | G3: ='FT Global'!E4 -> Conception | H3: ='FT Global'!F4 -> Communication/Rédaction | I3: ='FT Global'!G4 -> Économie/Gestion | J3: ='FT Global'!H4 -> Formation continue
B4: =SUM(B5:B100) -> 0 | D4: =SUM(D5:D210) -> 0 | E4: =SUM(E5:E210) -> 0 | F4: =SUM(F5:F210) -> 0 | G4: =SUM(G5:G210) -> 0 | H4: =SUM(H5:H210) -> 0 | I4: =SUM(I5:I210) -> 0 | J4: =SUM(J5:J210) -> 0
B5: =SUM(D5:J5) -> 0
B6: =SUM(D6:J6) -> 0
B7: =SUM(D7:J7) -> 0
B8: =SUM(D8:J8) -> 0
B9: =SUM(D9:J9) -> 0
B10: =SUM(D10:J10) -> 0
B11: =SUM(D11:J11) -> 0
B12: =SUM(D12:J12) -> 0
B13: =SUM(D13:J13) -> 0
B14: =SUM(D14:J14) -> 0
B15: =SUM(D15:J15) -> 0
B16: =SUM(D16:J16) -> 0
... B57: =SUM(D57:J57) -> 0

Sheet Etudiant 2
A1: Feuille de Temps
A2: ÉTUDIANT(E) 2
A3: Date | B3: Total Heure | C3: Description | D3: ='FT Global'!B4 -> Réunion/Équipe | E3: ='FT Global'!C4 -> Analyse | F3: ='FT Global'!D4 -> Investigation | G3: ='FT Global'!E4 -> Conception | H3: ='FT Global'!F4 -> Communication/Rédaction | I3: ='FT Global'!G4 -> Économie/Gestion | J3: ='FT Global'!H4 -> Formation continue
B4: =SUM(B5:B100) -> 0 | D4: =SUM(D5:D210) -> 0 | E4: =SUM(E5:E210) -> 0 | F4: =SUM(F5:F210) -> 0 | G4: =SUM(G5:G210) -> 0 | H4: =SUM(H5:H210) -> 0 | I4: =SUM(I5:I210) -> 0 | J4: =SUM(J5:J210) -> 0
B5: =SUM(D5:J5) -> 0
B6: =SUM(D6:J6) -> 0
B7: =SUM(D7:J7) -> 0
B8: =SUM(D8:J8) -> 0
B9: =SUM(D9:J9) -> 0
B10: =SUM(D10:J10) -> 0
B11: =SUM(D11:J11) -> 0
B12: =SUM(D12:J12) -> 0
B13: =SUM(D13:J13) -> 0
B14: =SUM(D14:J14) -> 0
B15: =SUM(D15:J15) -> 0
B16: =SUM(D16:J16) -> 0
... B57: =SUM(D57:J57) -> 0

Sheet Etudiant 3
A1: Feuille de Temps
A2: ÉTUDIANT(E) 3
A3: Date | B3: Total Heure | C3: Description | D3: ='FT Global'!B4 -> Réunion/Équipe | E3: ='FT Global'!C4 -> Analyse | F3: ='FT Global'!D4 -> Investigation | G3: ='FT Global'!E4 -> Conception | H3: ='FT Global'!F4 -> Communication/Rédaction | I3: ='FT Global'!G4 -> Économie/Gestion | J3: ='FT Global'!H4 -> Formation continue
B4: =SUM(B5:B100) -> 0 | D4: =SUM(D5:D210) -> 0 | E4: =SUM(E5:E210) -> 0 | F4: =SUM(F5:F210) -> 0 | G4: =SUM(G5:G210) -> 0 | H4: =SUM(H5:H210) -> 0 | I4: =SUM(I5:I210) -> 0 | J4: =SUM(J5:J210) -> 0
B5: =SUM(D5:J5) -> 0
B6: =SUM(D6:J6) -> 0
B7: =SUM(D7:J7) -> 0
B8: =SUM(D8:J8) -> 0
B9: =SUM(D9:J9) -> 0
B10: =SUM(D10:J10) -> 0
B11: =SUM(D11:J11) -> 0
B12: =SUM(D12:J12) -> 0
B13: =SUM(D13:J13) -> 0
B14: =SUM(D14:J14) -> 0
B15: =SUM(D15:J15) -> 0
B16: =SUM(D16:J16) -> 0
... B57: =SUM(D57:J57) -> 0

Sheet Etudiant 4
A1: Feuille de Temps
A2: ÉTUDIANT(E) 4
A3: Date | B3: Total Heure | C3: Description | D3: ='FT Global'!B4 -> Réunion/Équipe | E3: ='FT Global'!C4 -> Analyse | F3: ='FT Global'!D4 -> Investigation | G3: ='FT Global'!E4 -> Conception | H3: ='FT Global'!F4 -> Communication/Rédaction | I3: ='FT Global'!G4 -> Économie/Gestion | J3: ='FT Global'!H4 -> Formation continue
B4: =SUM(B5:B100) -> 0 | D4: =SUM(D5:D210) -> 0 | E4: =SUM(E5:E210) -> 0 | F4: =SUM(F5:F210) -> 0 | G4: =SUM(G5:G210) -> 0 | H4: =SUM(H5:H210) -> 0 | I4: =SUM(I5:I210) -> 0 | J4: =SUM(J5:J210) -> 0
B5: =SUM(D5:J5) -> 0
B6: =SUM(D6:J6) -> 0
B7: =SUM(D7:J7) -> 0
B8: =SUM(D8:J8) -> 0
B9: =SUM(D9:J9) -> 0
B10: =SUM(D10:J10) -> 0
B11: =SUM(D11:J11) -> 0
B12: =SUM(D12:J12) -> 0
B13: =SUM(D13:J13) -> 0
B14: =SUM(D14:J14) -> 0
B15: =SUM(D15:J15) -> 0
B16: =SUM(D16:J16) -> 0
... B57: =SUM(D57:J57) -> 0

Sheet Etudiant 5
A1: Feuille de Temps
A2: ÉTUDIANT(E) 5
A3: Date | B3: Total Heure | C3: Description | D3: ='FT Global'!B4 -> Réunion/Équipe | E3: ='FT Global'!C4 -> Analyse | F3: ='FT Global'!D4 -> Investigation | G3: ='FT Global'!E4 -> Conception | H3: ='FT Global'!F4 -> Communication/Rédaction | I3: ='FT Global'!G4 -> Économie/Gestion | J3: ='FT Global'!H4 -> Formation continue
B4: =SUM(B5:B100) -> 0 | D4: =SUM(D5:D210) -> 0 | E4: =SUM(E5:E210) -> 0 | F4: =SUM(F5:F210) -> 0 | G4: =SUM(G5:G210) -> 0 | H4: =SUM(H5:H210) -> 0 | I4: =SUM(I5:I210) -> 0 | J4: =SUM(J5:J210) -> 0
B5: =SUM(D5:J5) -> 0
B6: =SUM(D6:J6) -> 0
B7: =SUM(D7:J7) -> 0
B8: =SUM(D8:J8) -> 0
B9: =SUM(D9:J9) -> 0
B10: =SUM(D10:J10) -> 0
B11: =SUM(D11:J11) -> 0
B12: =SUM(D12:J12) -> 0
B13: =SUM(D13:J13) -> 0
B14: =SUM(D14:J14) -> 0
B15: =SUM(D15:J15) -> 0
B16: =SUM(D16:J16) -> 0
... B57: =SUM(D57:J57) -> 0
